<?xml version="1.0" encoding="UTF-8"?>
<schemalist>
  <schema id="org.mate.mate-menu" path="/org/mate/mate-menu/">

    <key type="b" name="hide-applet-icon">
      <default>false</default>
      <summary></summary>
      <description></description>
    </key>

    <key type="b" name="use-custom-color">
      <default>false</default>
      <summary></summary>
      <description></description>
    </key>

    <key type="b" name="tooltips-enabled">
      <default>true</default>
      <summary></summary>
      <description></description>
    </key>

    <key type="b" name="start-with-favorites">
      <default>false</default>
      <summary></summary>
      <description></description>
    </key>

    <key type="i" name="applet-icon-size">
      <default>22</default>
      <summary></summary>
      <description></description>
    </key>

    <key type="i" name="border-width">
      <default>1</default>
      <summary></summary>
      <description></description>
    </key>

    <key type="i" name="opacity">
      <default>100</default>
      <summary></summary>
      <description></description>
    </key>

    <key type="i" name="offset">
      <default>0</default>
      <summary></summary>
      <description></description>
    </key>

    <key type="s" name="applet-text">
      <default>"Menu"</default>
      <summary></summary>
      <description></description>
    </key>

    <key type="s" name="theme-name">
      <default>"default"</default>
      <summary></summary>
      <description></description>
    </key>

    <key type="s" name="hot-key">
      <default>"Super_L"</default>
      <summary></summary>
      <description></description>
    </key>

    <key type="s" name="applet-icon">
      <default>"/usr/share/mate-menu/icons/mate-logo.svg"</default>
      <summary></summary>
      <description></description>
    </key>

    <key type="as" name="plugins-list">
      <default>['places', 'system_management', 'newpane', 'applications']</default>
      <summary></summary>
      <description></description>
    </key>

    <key type="s" name="custom-color">
      <default>"#EEEEEE"</default>
      <summary></summary>
      <description></description>
    </key>

    <key type="s" name="custom-heading-color">
      <default>"#001155"</default>
      <summary></summary>
      <description></description>
    </key>

    <key type="s" name="custom-border-color">
      <default>"#001155"</default>
      <summary></summary>
      <description></description>
    </key>

  </schema>

</schemalist>
