<?xml version="1.0" encoding="UTF-8"?>
<schemalist>
  <schema id="org.mate.mate-menu.plugins.places" path="/org/mate/mate-menu/plugins/places/">

    <key type="b" name="sticky">
      <default>false</default>
      <summary></summary>
      <description></description>
    </key>

    <key type="b" name="minimized">
      <default>false</default>
      <summary></summary>
      <description></description>
    </key>

    <key type="b" name="allow-scrollbar">
      <default>false</default>
      <summary></summary>
      <description></description>
    </key>

    <key type="b" name="show-gtk-bookmarks">
      <default>false</default>
      <summary></summary>
      <description></description>
    </key>

    <key type="i" name="height">
      <default>180</default>
      <summary></summary>
      <description></description>
    </key>

    <key type="i" name="width">
      <default>200</default>
      <summary></summary>
      <description></description>
    </key>

    <key type="i" name="icon-size">
      <default>16</default>
      <summary></summary>
      <description></description>
    </key>

    <key type="b" name="show-computer">
      <default>true</default>
      <summary></summary>
      <description></description>
    </key>

    <key type="b" name="show-home-folder">
      <default>true</default>
      <summary></summary>
      <description></description>
    </key>

    <key type="b" name="show-network">
      <default>true</default>
      <summary></summary>
      <description></description>
    </key>

    <key type="b" name="show-desktop">
      <default>true</default>
      <summary></summary>
      <description></description>
    </key>

    <key type="b" name="show-trash">
      <default>true</default>
      <summary></summary>
      <description></description>
    </key>

    <key type="as" name="custom-paths">
      <default>[]</default>
      <summary></summary>
      <description></description>
    </key>

     <key type="as" name="custom-names">
      <default>[]</default>
      <summary></summary>
      <description></description>
    </key>

    <key type="s" name="icon">
      <default>"mate-fs-directory.png"</default>
      <summary></summary>
      <description></description>
    </key>

  </schema>

</schemalist>
