<?xml version="1.0" encoding="UTF-8"?>
<schemalist>
  <schema id="org.mate.mate-menu.plugins.recent" path="/org/mate/mate-menu/plugins/recent/">

    <key type="i" name="width">
      <default>250</default>
      <summary></summary>
      <description></description>
    </key>

    <key type="i" name="height">
      <default>385</default>
      <summary></summary>
      <description></description>
    </key>

    <key type="i" name="num-recent-docs">
      <default>10</default>
      <summary></summary>
      <description></description>
    </key>

    <key type="i" name="recent-font-size">
      <default>9</default>
      <summary></summary>
      <description></description>
    </key>

    <key type="s" name="icon">
      <default>"mate-fs-directory"</default>
      <summary></summary>
      <description></description>
    </key>

    <key type="b" name="sticky">
      <default>false</default>
      <summary></summary>
      <description></description>
    </key>

    <key type="b" name="minimized">
      <default>false</default>
      <summary></summary>
      <description></description>
    </key>

  </schema>

</schemalist>
